1,arunraj@gmail.com,arun,Arun,Raj,Arun Raj,Raj Arivi Solutions,5b424032623063353765,0,1,2017-07-24 17:00:39,1,2017-07-25 21:03:54,1
2,balaji@gmail.com,balaji,Balaji,Kumar,Balaji Kumar,BalaMurugan Industries,5b42403365653461616466,0,2,2017-07-24 17:03:30,2,2017-07-25 16:39:54,1
3,chandru@gmail.com,chandru,Chandra,sekar,Chandra sekar,Chandru Group of Companies,5b42403361653665333263,0,3,2017-07-24 17:07:12,3,2017-07-25 12:51:04,1
4,deva@gmail.com,deva,Deva,krish,Deva krish,Devendaran,5b424064386535316635,0,4,2017-07-24 17:11:46,4,2017-07-24 18:55:28,1
5,prasath@gmail.com,prasath,Prasath,Raja,Prasath Raja,Sam Global solutions,5b42403362306662623861,0,5,2017-07-24 17:14:46,5,2017-07-25 06:56:57,1
6,tamil@gmail.com,tamil,Tamil,Arasan,Tamil Arasan,TK industries,5b424037393331356662,0,6,2017-07-24 17:20:20,6,2017-07-25 15:04:52,1
7,mohan@gmail.com,mohan,Mohan,Madan,Mohan Madan,Mohan Moha Companies,5b424035373530363138,0,7,2017-07-24 17:29:51,7,2017-07-25 13:29:54,1
8,makesh@gmail.com,makesh,Makesh,kumar,Makesh kumar,Mahi Group of companies,5b424039336631383731,0,8,2017-07-24 17:33:11,8,2017-07-24 21:33:06,1
9,sugumar@gmail.com,sugu,Sugumar,shakthi,Sugumar shakthi,SuguKumar Industries,5b424031623630363536,0,9,2017-07-24 17:35:46,9,2017-07-24 21:23:48,1
10,vignesh@gmail.com,vignesh,Vignesh,Bas,Vignesh Bas,Viky Group of Companies,5b42403263663331366437,0,10,2017-07-24 17:40:53,10,2017-07-24 19:37:33,1